﻿<?xml version="1.0" encoding="UTF-8" standalone="yes"?>
<addon id="REPOSITORY.XG" name="XG repository" version="0.0.2" provider-name="givanildo83">
	<extension point="xbmc.addon.repository" name="XG Add-on Repository">
		<info compressed="false">http://raw.github.com/givanildo83/REPOSITORY.XG/master/addons.xml</info>
		<checksum>http://raw.github.com/givanildo83/REPOSITORY.XG/master/addons.xml.md5</checksum>
		<datadir zip="true">http://raw.github.com/givanildo83/REPOSITORY.XG/master/repo/</datadir>
	</extension>
	<extension point="xbmc.addon.metadata">
		<summary>XG Addon</summary>
		<description>Addon Description</description>
		<disclaimer></disclaimer>
		<platform>all</platform>
	</extension>
</addon>